,reached_fluency,dropped_out,cefr_ordinal
total_study_hours,0.5781,-0.3016,0.7183
comprehensible_input_hours,0.5408,-0.2834,0.6769
fsi_category,-0.3456,0.2693,-0.4105
active_use_share,0.2862,-0.195,0.3398
immersion_months,0.1203,-0.1205,0.1406
speaking_practice,0.0987,-0.0653,0.1162
feedback_quality,0.0654,-0.0375,0.0741
related_language,0.0464,-0.0457,0.0579
prior_languages,0.0203,-0.0024,0.0225
uses_srs,0.0185,-0.0115,0.0233
age_started,0.005,0.0019,0.0027
motivation,0.0031,-0.1437,-0.0003
accent_nativelike,0.0021,-0.0081,0.005
consistency,0.002,-0.1419,0.0017
