,count,mean,std,min,5%,25%,50%,75%,95%,max,skew,kurtosis,cv,pct_ceros
prior_languages,45000.0,0.8023,0.8961,0.0,0.0,0.0,1.0,1.0,2.0,5.0,1.0978,1.1006,1.1168,44.9422
age_started,45000.0,28.0786,10.743,6.0,10.0,21.0,28.0,35.0,46.0,70.0,0.1007,-0.3036,0.3826,0.0
total_study_hours,45000.0,575.6247,429.4672,10.0,90.0,260.0,470.0,780.0,1420.0,4320.0,1.508,3.4688,0.7461,0.0
active_use_share,45000.0,0.3995,0.2003,0.02,0.099,0.242,0.384,0.543,0.754,0.95,0.2957,-0.6494,0.5014,0.0
immersion_months,45000.0,1.437,2.735,0.0,0.0,0.0,0.0,1.9,7.2,32.4,2.7722,10.1189,1.9032,60.5267
speaking_practice,45000.0,6.1258,2.2535,0.0,2.27,4.57,6.19,7.78,10.0,10.0,-0.2174,-0.4661,0.3679,0.4889
feedback_quality,45000.0,4.9983,2.1596,0.0,1.3795,3.52,5.01,6.49,8.65,10.0,0.0001,-0.3702,0.4321,1.1511
comprehensible_input_hours,45000.0,316.7331,256.9291,0.0,40.0,130.0,250.0,430.0,820.0,2610.0,1.798,5.0826,0.8112,0.0889
motivation,45000.0,4.9895,2.1557,0.0,1.38,3.49,4.995,6.48,8.63,10.0,-0.0026,-0.3688,0.4321,1.2244
consistency,45000.0,6.4365,2.1674,0.0,2.7,4.95,6.51,8.04,10.0,10.0,-0.2858,-0.3919,0.3367,0.3067
accent_nativelike,45000.0,5.7024,1.9639,0.0,2.43,4.37,5.72,7.06,9.0,10.0,-0.0871,-0.2637,0.3444,0.1978
