,faltantes,pct_faltantes,vacios_str,valores_unicos
learner_id,0,0.0,0,45000
fsi_category,0,0.0,0,4
related_language,0,0.0,0,2
prior_languages,0,0.0,0,6
age_started,0,0.0,0,62
total_study_hours,0,0.0,0,314
active_use_share,0,0.0,0,926
immersion_months,0,0.0,0,223
speaking_practice,0,0.0,0,999
feedback_quality,0,0.0,0,1001
comprehensible_input_hours,0,0.0,0,208
uses_srs,0,0.0,0,2
motivation,0,0.0,0,1000
consistency,0,0.0,0,989
accent_nativelike,0,0.0,0,998
cefr_level,0,0.0,0,7
reached_fluency,0,0.0,0,2
dropped_out,0,0.0,0,2
